Scaffold ID	Scaffold SMILES	Cluster ID	Score
SCAFFB1	C1CCC(CC2CCC(CC3CCC(CC4CCCCC4)CC3)CC2)CC1	2	1.0
SCAFFB2	C1CCCC1	46	2.75
SCAFFB3	C1CCCCC1	46	10.0
SCAFFB4	C1CCC(CC2CCCC3CC(CC4CCCC4)CCC23)CC1	4	1.0
SCAFFB5	C1CCC2CCCC2C1	4	2.41666667
SCAFFB6	C1CCC(C2CCC3CCCC3C3CCCCC23)CC1	5	1.25
SCAFFB7	C1CCC(CCC(C2CCCCC2)C2CCCCC2)CC1	2	1.16666667
SCAFFB8	C1CCC(C2CCCCC2)CC1	4	2.83333333
SCAFFB9	C1CCC2CC3CCCC3CC2C1	10	1.33333333
SCAFFB10	C1CCC(CC2CCCC2)CC1	2	1.66666667
SCAFFB11	C1CCC(C2CCC(C3CCC4CCC(C5CCCCC5)C4C3)CC2)CC1	19	1.0
SCAFFB12	C1CCC(CCC2CCCC(CC3CCCC3)C2C2CCCCC2)CC1	23	1.0
SCAFFB13	C(CCC1CCC(C2CCCCC2)CC1)CCC1CCC2CCCCC2C1	1	1.0
SCAFFB14	C1CCC(CCC2CCCCC2)CC1	1	2.83333333
SCAFFB15	C1CCC(CCC2CCC(C3CCCCC3)C2C2CCCCC2)CC1	15	1.0
SCAFFB16	C1CCC(CC2CCC3C(CCC3CCC3CCCCC3)C2)CC1	7	1.0
SCAFFB17	C1CCC(CCCCC2CCCCC2)CC1	2	1.25
SCAFFB18	C1CCC(CCC2CC(C3CCCCC3)CCC2CC2CCCCC2)CC1	1	1.0
SCAFFB19	C1CCC(CCCCC2CCC3C(CC4CCCCC4)CCCC3C2)CC1	3	1.0
SCAFFB20	C1CCC2C(C1)CCC1C2CCC2C3CCCC3CC21	32	1.16666667
SCAFFB21	C1CCC(CC2CCCCC2)CC1	2	4.08333333
SCAFFB22	C1CC2CC3C(CC4CC4)CCC45C(CC(C1)C24)C1CCC35CC1	94	1.0
SCAFFB23	C1CCC(CCCCC2CC3CCC4CCC5CCC5C4C(CCC4CCCCC4)C(C2)C3)CC1	66	1.08333333
SCAFFB24	C1CCC(CCC2CCCC3CCCC32)CC1	3	1.41666667
SCAFFB25	C1CCC2CC3CCCCC3CCC2C1	10	1.75
SCAFFB26	C1CCC(CCCC(CCCCCC(CCCCC2CC2)CC2CCCCC2)CCC2CCCCC2)CC1	9	1.0
SCAFFB27	C1CCC(CCC2CCC(C3CCCCC3)CC2)CC1	1	1.0
SCAFFB28		93	7.0
SCAFFB29	C(CCCCC1CCCC2CC3CCCCC3C12)CCCC1CCCCC1	3	1.0
SCAFFB30	C1CCC(C2CCCC2C2CCCCC2)CC1	5	1.5
SCAFFB31	C1CCC(C(C2CCCCC2)C2CCCCC2)CC1	54	1.41666667
SCAFFB32	C1CCC2CCCCC2C1	4	2.91666667
SCAFFB33	C1CCC2CC3CCCCC3CC2C1	10	2.16666667
SCAFFB34	C1CCC(C2CCC3CCCCC32)CC1	5	1.33333333
SCAFFB35	C1CCC(C2CCCCC3CCCCC32)CC1	5	1.83333333
SCAFFB36	C1CC2CC3CCCC45C(CCCC34)CC(C1)C25	67	1.58333333
SCAFFB37	C1CCC2C(C1)CCC1C3CCCC3CCC21	5	3.5
SCAFFB38	C1CCC(CCC2CCCC(C3CCC(C4CCCCC4)C3)C2)CC1	1	1.0
SCAFFB39	C1CCC(C2CCCC2)CC1	4	2.16666667
SCAFFB40	C1CCC(C2C3CCCCC3CCC3CCCCC32)CC1	5	1.16666667
SCAFFB41	C1CCC(CCC2CCC3C2CCC2C4CCCCC4CCC32)CC1	3	1.0
SCAFFB42	C1CCC(CCCC(CC2CCCCC2)CC2CCC(C3CCCCC3)C2)CC1	25	1.0
SCAFFB43	C1CCC(C2CCC(C3CCCCC3)C2)CC1	10	1.08333333
SCAFFB44	C1CCC2C(C1)CCC1C3CCC4(CCCC4)C3CC3CC321	92	1.0
SCAFFB45	C1CC2CCC3CCC(CCC45CC6CC7C(CC8CCC(CCCC9CCCC9CC(C1)C2)CC8C7C4)C6C5)C3	91	1.0
SCAFFB46	C1CCC(CC2CCCC3CCCCC32)CC1	3	1.25
SCAFFB47	C1CCC(CCC2C3CCCCC3CC2C2CCCCC2)CC1	15	1.0
SCAFFB48	C1CCC2C(C1)CC1CCCCC12	5	1.08333333
SCAFFB49	C1CCCCCCCCCCCC2CCCC(CCC3CCCCC3CCC(CCC3CCCCC3)CCCCCCC1)C2	1	1.16666667
SCAFFB50	C(CCCCCCCCCCCCCCCCCCCCCCCC(CCCCCCCCCCCCCCCCC1CCCC1)CC1CCCCC1)CCCCCCCCCCCCCCCCCCCCCCCC(CCCCCCCCC(CCCCCCCCCCCCCCCCC1CCCC1CCCCCCCCCCCCCC1CCCC1CC1CCCC1CC1CCCC1)CC1CCC2CCCCC21)CC1CCCCC1	9	1.0
SCAFFB51	C1CCC(CCCC2CC(C3CCCCC3)C2C2CCCCC2)CC1	2	1.0
SCAFFB52	C1CCC(CCC2CCC(CC3CCCCC3)CC2)CC1	1	1.0
SCAFFB53	C1CCC(CC2CCC(CC3CCC(CC4CCC(CC5CCCCC5)CC4)CC3)CC2)CC1	2	1.0
SCAFFB54	C1CCC(CCC2CCCC2)CC1	1	1.58333333
SCAFFB55	C1CCC(CCCCC2CCC3CCCC(CC4CCCCC4)C3C2)CC1	3	1.0
SCAFFB56	C1CCC(CCCCC2CCC(CCCCC3CCCCC3)CC2)CC1	2	1.08333333
SCAFFB57	C(CCCCCC(CCCCCC(CCC(CCC1CCCC1)CC1CCCC1)CC1CCC2CCCCC21)CC1CCCCC1)CCCCC1CCCC1	3	1.08333333
SCAFFB58	C1CC2CC(C1)CC(CCC1CCC3CCCCC31)C2	3	1.0
SCAFFB59	C1CCC(CCCCC2CCC(C3CCCCC3)CC2)CC1	1	1.0
SCAFFB60	C1CCC(CC2CCC(C3CC(C4CCCCC4)C4CCCCC34)CC2)CC1	4	1.0
SCAFFB61	C1CCC(CC2CCC(CCC3CCCC(CC4CCCC(C5CCCCC5)C4)C3)CC2)CC1	1	1.0
SCAFFB62	C1CCC(CCC2CCC3CCCCC32)CC1	1	1.08333333
SCAFFB63	C1CCC(C2CCCCC2C2CCC(CC3CCC4(CCCC4)C3)CC2)C1	5	1.0
SCAFFB64	C1CCCCCCC2CC2CC(CCC2CCCC2)CCCCC1	1	1.0
SCAFFB65	C1CCC(CC2CCC3CCCC32)CC1	3	1.0
SCAFFB66	C1CCC(CCC2CC3CCCCC3C2)CC1	1	1.33333333
SCAFFB67	C1CCC(CCC2CCC(CC3CCCC4CCC(C5CCCC5)CC43)CC2)CC1	1	1.0
SCAFFB68	C1CCC(C(C2CCCCC2)C2CCCC2)CC1	54	1.0
SCAFFB69	C1CCCCC(CCCCC2CCCCC2)CCCCC2CCC3CCCCCCCC(CCCCCC(CC4CCCCC4)CC2)CCCCC(CCC1)CCCCCC1CCCC1CCCC3	47	1.0
SCAFFB70	C(CCCCCCCCCCCCCC(CCCCCCCCCCC1CCC2CCCCC12)CC1CCCCC1)CCCCCCCCCCCCC(CCCCCCCCCCCCCCCCCCCCC(CCCCCCCCCCCCCCCCC1CCCC1)CC1CCCCC1)CC1CCCCC1	3	1.0
SCAFFB71	C(CCCC1CCCC1)CCC1CCCCC1	2	1.0
SCAFFB72	C1CCC(CC2CCC(C3CCCCC3C3CCCC3)CC2)C1	4	1.0
SCAFFB73	C1CCC(CCC(CCC2C3CCC2CC(C2CCCC2)C3)C2CCCCC2)CC1	21	1.0
SCAFFB74	C1CCC(CCC2CCC3CCCCC3C2)CC1	1	1.5
SCAFFB75	C1CC2CC3C(CC4CC4)CCC45C(CCCC34)CC(C1)C25	67	1.16666667
SCAFFB76	C1CCC(C2CC2)CC1	4	1.16666667
SCAFFB77	C1CCC2C(C1)CC1CCCCC1C1CCCCC21	5	1.0
SCAFFB78	C(CCCC1CCCCC1C1CCCCC1)CCC1CCCCC1	2	1.0
SCAFFB79	C1CCC(C2CC3CCCCC3CC3CCCC32)CC1	5	1.0
SCAFFB80	C1CCC(CC2CCC3CC4CCCCC4C3C2)C1	7	1.08333333
SCAFFB81	C1CCCCCC(CC2CCCCC2)CCCCCCCC(CC2CCCC2)CCCCC1	2	1.0
SCAFFB82	C1CCC(CCC(CCCC2CC3CCC4CCC5CCC5C4C(CCC4CCCCC4)C(C2)C3)C2CCCCC2)CC1	66	1.0
SCAFFB83	C1CCC(CC2CCCC(CC3CCC4CCCC4C3)C2)CC1	1	1.0
SCAFFB84	C1CCC(C2CC(C3CCCCC3)CC(C3CCCCC3)C2)CC1	5	1.0
SCAFFB85	C1CCC(C2(C3CCCCC3)CCCC2)CC1	90	1.0
SCAFFB86	C1CCC(C2CC3CCCCC3CC3CCCCC32)CC1	5	1.25
SCAFFB87	C1CC2CCC3CCCC3C2C1	5	1.08333333
SCAFFB88	C1CCC(CCCC2CCC(CC3CCCCC3)CC2)CC1	2	1.08333333
SCAFFB89	C1CCC2CC(CCC3CCC(C4CCC5CCCCC54)CC3)CCC2C1	1	1.08333333
SCAFFB90	C1CCC(C2CCC(C3CCC(CCCC4CCCC4)C3)CC2)CC1	1	1.0
SCAFFB91	C1CCC(CCC2CCCC(CCC3CC3)C2)CC1	1	1.0
SCAFFB92	C1CCC(CC2CCCC(C3CCC4CCCC4C3)C2)CC1	4	1.08333333
SCAFFB93	C(CCCC1CCC2CCCC2C1)CCC1CCCCC1	1	1.0
SCAFFB94	C1CCC2C(C1)CCC1C2CCC2C1CCC21CCCC1	65	1.0
SCAFFB95	C1CCC(CC2CCC3CCCCC32)C1	3	1.0
SCAFFB96	C1CC(CC2CCCCC2C2CCCC2)CCC(C2CC3CCCCC3C2)C1	6	1.0
SCAFFB97	C1CC2CCC(C3C4CCCCC4CC4C5CCCCC5CC43)CC2C1	89	1.0
SCAFFB98	C(CCCC1CCCCC1)CCC1CCCCC1	2	1.25
SCAFFB99	C1CCC(C2CCC(CC3CCC4CCC(C5CC6CCCCC6C5)CC43)CC2)CC1	12	1.0
SCAFFB100	C(CCCCCCCCCCCCCC(CCCCCCCCCCCCCCCCCCCCCCCCCCC(CCCCCCCC1CCCCC1)CC1CCCC1)CC1CCC2CCCCC21)CCCCCCCCCCCCC(CCCCCCCCCCCCCCCCC1CCCC1)CC1CCCC1	3	1.0
SCAFFB101	C1CCC(CCC2C3CCCCC3CC3CCCCC32)CC1	1	1.08333333
SCAFFB102	C1CCC(C2CC2CC2CCCC3C(C4CCCC4)CCC23)CC1	43	1.0
SCAFFB103	C1CCC(CC2CCCC3CCCC32)CC1	4	1.08333333
SCAFFB104	C(CCCC1CCCC1)CCCC(CCC(CCCCCC(CCC(CCC1CCCC1)CC1CCCC1)CC1CCC2CCCCC21)CC1CCCCC1)CC1CCC2CCCCC21	3	1.0
SCAFFB105	C1CCC(C2CCCCC2C2CCCC2)CC1	5	1.0
SCAFFB106	C1CCC(CC2CCC3CCC(C4CCCCC4)CC32)CC1	12	1.0
SCAFFB107	C1CCC(CCC2CCCC(C3CCCCC3)C2)CC1	1	1.0
SCAFFB108	C1CCC(CC2CCC3CCCCC3C2)CC1	1	1.33333333
SCAFFB109	C1CCC(CC2CC3CCCCC3C2)CC1	1	1.0
SCAFFB110	C1CCC(CCCC2CCC(C3CCCC3)CC2CCC2CCCCC2)CC1	1	1.0
SCAFFB111	C1CCC(CC2CCCC(CC3CCC(C4CCCCC4)CC3)C2)CC1	4	1.0
SCAFFB112	C1CCCCCCCCCCCCCCCCCCCCCCCCCCCCCCCC1	46	1.08333333
SCAFFB113	C1CCC2CC(C3CC4CCC3C4)CCC2C1	53	1.0
SCAFFB114	C1CCC(CCC2CCC(CC3CCCC(C4CCCCC4)C3)C2)CC1	1	1.0
SCAFFB115	C1CCC(CCC2CCC3CC4C(CCC5C6CCCCC6CC45)CC3C2)CC1	1	1.08333333
SCAFFB116	C1CCC2CC3CC4CCCCC4CC3CC2C1	10	1.75
SCAFFB117	C1CCC(CC2CCC3CCCCC32)CC1	3	1.16666667
SCAFFB118	C1CCCCCCCCC(CC2CCCCC2)CCCCCCCCC(CCCCCCCCCCCCCCC(CCC(CCC(CCCCC2CCCC2)CC2CCCCC2)CC2CCCCC2)CC2CCCCC2)CCCCCCCC(CC2CCCCC2)CCCCCCCCCCCCCCC(CC2CCCCC2)CCCCCCCCC2CCCCCCCCCCCC(CCCCCCC2)CCCCC(CCCCCC(CCCCCCCCCCCCCC2CCCCC2)CC2CCCC2)CCCCCCCCC(CC2CCCC2)CCCCCCCC1	9	1.0
SCAFFB119	C(CCC1CCC2CCCCC2CC1)CCC1CC2CCCCC12	3	1.0
SCAFFB120	C1CCC(C2C3CCCCC3C3CCCC32)CC1	5	1.0
SCAFFB121	C1CCC(C2CCC3CCCCC3C2)CC1	1	1.33333333
SCAFFB122	C1CCC(CCC(CCC2CC2)C2CCCC(CCC3CCC4CCCCC4C3)C2)CC1	1	1.0
SCAFFB123	C1CC(CC2CCC(CC3CC3)CC2)CC(CC2CCCC3CCCCC32)C1	6	1.0
SCAFFB124	C1CCC1	46	1.0
SCAFFB125	C1CC2CCCC3CC(C4CC5CCC4CC5)CC(C1)C23	88	1.0
SCAFFB126	C1CCC(CCCC2C3CCCCC3CC3CCCCC32)CC1	2	1.5
SCAFFB127	C1CCCCCCC(CC2CCC(CC3CCCCCCCCCCCCC3)CC2)CCCCCC1	4	1.0
SCAFFB128	C1CCC(CCCCC2CCC3CC4C(CCC5C6CCCCC6CC45)CC3C2)CC1	3	1.0
SCAFFB129	C1CCC(CCC2CCCCCCCCCCCC3CCCC(CCC4CCCCC4CC2)C3)CC1	1	1.0
SCAFFB130	C1CCC(CCC2CCC(CC3CCCCC4CCCCC43)CC2)CC1	3	1.0
SCAFFB131	C1CCC2CC3C(CC2C1)CC1CC2CCCCC2CC13	33	1.0
SCAFFB132	C1CCC(CCC2CCC3C(CCCC3CC3CCCCC3)C2)CC1	1	1.0
SCAFFB133	C1CCC(CCC2CCCC(C3CCCC3C3CCCCC3)C2)CC1	1	1.0
SCAFFB134	C1CCC(CC2CCC(CC3CCC(CC4CCC5C(CCC6C5CCC5C(C7CCCC7)CCC56)C4)CC3)CC2)CC1	7	1.16666667
SCAFFB135	C1CCC2C(C1)CCC1CCCCC12	5	1.25
SCAFFB136	C1CCC2C(C1)CCC2C1CCCC1	5	1.33333333
SCAFFB137	C1CCC(CCCCC2CCC(CCCCC3CCCC3)CC2)CC1	2	1.0
SCAFFB138	C(CCCCCCCCCCCCCC(CCCCCCCCC(CCCCCCCCCCCC(CCCCCCCCCCCCCCCCC1CCCC1)CC1CCCCC1)CC1CCCCC1)CC1CCCCC1)CCCCCCCCCCCCC(CCCCCCCCCCC1CCC2CCCCC12)CC1CCCCC1	3	1.0
SCAFFB139	C1CCC(CC2CCCC3CC4CC5CCCCC5CC4CC23)CC1	12	1.25
SCAFFB140	C1CCC(C2CC3CCCC3C3CCC4CCCCC4C23)CC1	32	1.0
SCAFFB141	C1CCC(C2CCC(CC3CCC4CCCC(C5CCCC5)C4C3)CC2)CC1	7	1.0
SCAFFB142	C1CCC2C(C1)CC1CCCC2C1	52	1.0
SCAFFB143	C1CCC(CC2CC(C3CCCCC3)C3CCCCC23)CC1	5	1.08333333
SCAFFB144	C1CCC(C2CC3CCCCC3C2)CC1	4	1.5
SCAFFB145	C(CCCC1CCC2CCCCC2C1)CCC1CCCC1	1	1.0
SCAFFB146	C1CCC(CCCC2CC3CCC(C2)C3)CC1	2	1.08333333
SCAFFB147	C1CCC(CCC(CCCCC2CCCC2)CCC(CCC(CCCCC2CCCC2)CC2CCCCC2)CC2CCCCC2)CC1	9	1.0
SCAFFB148	C1CCC2CCCC3CCCCC3C2CC1	5	1.0
SCAFFB149	C1CCC(CC2CC3CCCC3C3CC(CCC4CCC5CC6CCC7CCCC(C5C4)C76)CC23)CC1.C1CC2CCC3CC(CCC4CCC5CC6CCC7CCCC(C5C4)C76)CC3C2C1	64	1.0
SCAFFB150	C1CCC(C2CCC(CCC3CCCC(C4CCCCC4)C3)CC2)CC1	1	1.0
SCAFFB151	C1CCC(C(CCC2CCCC2)C2CCCC2)CC1	2	1.0
SCAFFB152	C1CCC(C2CC3CCCCC3CC2CCC2CCCC3CCCC32)CC1	11	1.08333333
SCAFFB153	C1CCC(C2CCCCC2CCC2CCC(CCCCC3C4CCCCC4C4CCCCC34)CC2)CC1	3	1.0
SCAFFB154	C1CCC2CCC(C3CCCC3)C2CC1	5	1.0
SCAFFB155	C1CCC(CC2CCCC2)C1	2	1.0
SCAFFB156	C1CCC(C2CCCC(CC3CC3)C3CCCCC23)CC1	5	1.0
SCAFFB157	C1CCC(CCCC2CC(C3CCCCC3)C(C3CCCCC3)C2)CC1	2	1.0
SCAFFB158	C1CCC(CCCC2CCC(CC3CCC4CCC(CCCC5CCCC5)CC43)CC2)CC1	2	1.0
SCAFFB159	C(CCCC1CCCC1)CCCC(CCC(CCCCCC(CCC(CCCCC1CCC2CCCCC2C1)CC1CCCCC1)CC1CCCCC1)CC1CCC(CCC2CCCCC2)CC1)CC1CCCCC1	1	1.0
SCAFFB160	C1CCC(CC2CCC(CC3CCC(CC4CCC(CC5CCC6C(CCC7C6CCC6C(C8CCCC8)CCC67)C5)CC4)CC3)CC2)CC1	7	1.0
SCAFFB161	C1CCC(CCCCC2CCC(C3CCC4CCCCC43)CC2)CC1	3	1.08333333
SCAFFB162	C1CCC(CCCCC2CCC(C(C3CCCCC3)C3CCCCC3)CC2)CC1	2	1.0
SCAFFB163	C1CCC(C2CC3CCC(CC4CCC5CCCCC5C4)CC3C2)CC1	1	1.0
SCAFFB164	C1CCC(C(CCCC2CCC(C3CCC4CCCCC43)CC2)C2CCCCC2)CC1	14	1.0
SCAFFB165	C1CCC(C2CCCC3CCCC32)CC1	5	1.08333333
SCAFFB166	C(CC1CC1)CC1CCC(CC2CCCC3CCCCC32)CC1	6	1.0
SCAFFB167	C1CCC(C2C3CCCC3C(CC3CCC4CC(C5CCCC5)CCC4C3)C3CC4CCCC4CC32)CC1	37	1.0
SCAFFB168	C1CCC(CC2CCC(CCC3CCC4CCCCC4C3)CC2)C1	1	1.0
SCAFFB169	C1CCC(CCCC2CCC(C3CCCCC3)CC2)CC1	1	1.0
SCAFFB170	C1CC2CC3CCC4C5CCCC5CCC4C3CC2C1	19	1.0
SCAFFB171	C1CCC(CCCC2CCCCC2)CC1	2	1.25
SCAFFB172	C1CCC2CC(CC1)C1CCCCC1C2	5	1.0
SCAFFB173	C1CCC(CCCCC2CCCCC2CCC2CC3CCCCC3C2)CC1	3	1.0
SCAFFB174	C1CCC(CCCCC2CCCC2)CC1	2	1.0
SCAFFB175	C1CCC(C2CCCC3C(C4CCCCC4)CCCC23)CC1	5	1.0
SCAFFB176	C(CCCCCCCCCCCC(CCCCCCCCCCC1CCCC1CCCCCCCCCCC1CCCCC1)CC1CCCCC1)CCCCCCCCCCCC1CCCC1CCCCC1CCCC1CCCC1CCCCC1	9	1.0
SCAFFB177	C1CCCCCCCCCC(CC2CCC3CCCCC32)CC2CCCC2CCCCCCCCC1	8	1.0
SCAFFB178	C1CCC(C2CCCC2CCCCCC2CCC3CCCCC3C2)CC1	1	1.0
SCAFFB179	C1CCC(CCCCC2CCCC3CCCCC23)CC1	2	1.0
SCAFFB180	C1CCC2CC(CC3CCC4CCCCC4C3)CCC2C1	1	1.0
SCAFFB181	C1CCC(CC2CCCCC2CC2CC(C3CCCCC3)C2)CC1	4	1.0
SCAFFB182	C1CCC2C(C1)CC1CC2C2C3CCC4(CCCC5CCCCC54)CCCC(C2C1)C1C2CCCC2CCC31	69	1.0
SCAFFB183	C1CCC(CCCC2CC3CCCCC32)C1	2	1.5
SCAFFB184	C1CCC(CCCC2CC3CCCC23)CC1	2	1.16666667
SCAFFB185	C1CCC(CCCC2CCC2)C1	2	1.0
SCAFFB186	C1CCC(CCCC2CC3CC(CC4CCCC4)CCC23)C1	7	1.08333333
SCAFFB187	C(CCCC1CCC(C2CCCCC2)CC1)CCC1CCCCC1	1	1.0
SCAFFB188	C1CCC(CC2CCC3C(CCCC4CCCC4)CC3C2)CC1	2	1.0
SCAFFB189	C1CC2CCC(C1)C2	57	1.0
SCAFFB190	C(CCCC1CCCC1)CCCC(CCC(CCCCC1CCCC1)CC1CCCCC1)CC1CCCCC1	9	1.0
SCAFFB191	C1CCC(C2CCC(C3CCC(C4CCC(C5CCC(C6CCCC6)C5)CC4)CC3)C2)C1	10	1.0
SCAFFB192	C1CCC(C2C(C3CCC(CCC4CCCC4)CC3)CCC2C2CCC(CCC3CCCC3)CC2)CC1	1	1.0
SCAFFB193	C(CCC1CCC(C2CCCC3CCCC32)CC1)CCC1CCC2CCCCC2C1	1	1.0
SCAFFB194	C1CCC(CCCCC2CCC3CCCCC23)CC1	3	1.0
SCAFFB195	C1CCC(CCC2CCCCCCCC3CC3(CCCC3CC3)CCC3CC(CC4CC5CCCCC5C5CCCCC45)CC3C2)CC1	61	1.0
SCAFFB196	C1CCC(C2CCCC(C3CCC4CCCCC4C3)C2)CC1	10	1.0
SCAFFB197	C1CCC(CCCC2CC3CC(CCC4CCCC4)CCC23)C1	1	1.16666667
SCAFFB198	C1CCC(CCCC2(C3CCCCC3)CCC3(CCCC3)CC2)CC1	51	1.0
SCAFFB199	C(CCCC1CCCCC1)CCCC1CCCCC1	2	1.25
SCAFFB200	C1C2CC3CC1CC(C2)C3	57	1.16666667
SCAFFB201	C1CCC(C2CCCCC2C2CCCCC2)CC1	5	1.0
SCAFFB202	C1CC2CCCC2C1	4	1.08333333
SCAFFB203	C1CCC(C2CCC(CCC3C4CCCCC4CC4CCCC43)CC2)CC1	14	1.0
SCAFFB204	C1CCC(CC(CC2CCCC2)C2CCCCC2)CC1	21	1.0
SCAFFB205	C1CCCCCC(CC2CCCCC2)CC(CC2CCCCC2)CCCCC1	4	1.08333333
SCAFFB206	C1CCC(C2CCC3CCCC4CCCC2C43)CC1	5	1.08333333
SCAFFB207	C1CCC(C2(CC3CCCC3)CCC(CCC3CCC(C4CCC(C5CCC(C6CCCC6)CC5)CC4)CC3)C2)CC1	34	1.08333333
SCAFFB208	C1CCC(C2CCC3CCCC(C4CC4)C3C2)CC1	5	1.25
SCAFFB209	C(CCCCCCC(CCC1CCCCC1)C(CC1CCCCC1CC1CCCCC1)C1CCCC1)CCCCCC1CCC(C2CCCC2)C1	42	1.0
SCAFFB210	C1CCC(CC2CCCC2CC2CCCCC2)CC1	4	1.0
SCAFFB211	C1CC2CCC2C1	26	1.16666667
SCAFFB212	C1CCC(C2CCC(CCCCC3CC(C4CCCCC4)CC3CCCCC3CC(C4CCC5CCCCC54)CC3CCCCC3CC(C4CCCCC4)CC3CCCCC3CC(C4CCC5CCCCC54)CC3CCCCC3CC(C4CCCCC4)CC3CCCCC3CC(C4CCCCC4)CC3CCCCC3CC(C4CCCCC4)CC3CCCCC3CC(C4CCCCC4)CC3CCCCC3CC(C4CCC5CCCCC54)CC3CCCCC3CC(C4CCCCC4)CC3CCCCC3CC(C4CCCCC4)CC3CCCCC3CC(C4CCCCC4)CC3CCCCC3CC(C4CCC5CCCCC54)CC3CCCCC3CC(C4CCC5CCCCC54)CC3CCCCC3CC(C4CCCCC4)CC3CCCCC3CC(C4CCCCC4)CC3CCCCC3CC(C4CCCCC4)CC3CCCCC3CC(C4CCCCC4)CC3CCCCC3CCC(C4CCC5CCCCC54)C3)C2)CC1	18	1.0
SCAFFB213	C1CCC(C2CC(C3CC3)CC3CCCCC32)CC1	5	1.0
SCAFFB214	C1CC2CCC3CC(CCC4CCC5CC6CCC7CCCC(C5C4)C76)CC3C2C1	36	1.0
SCAFFB215	C1CCC(CC2CCCC(CC3CCCCC3)C2)CC1	4	1.58333333
SCAFFB216	C1CCC(CCC2(CCC3CCC(CC4CCCC5CCCCC54)CC3)CC2)CC1	3	1.0
SCAFFB217	C1CCC(CCCC2CC3CCCCC32)CC1	2	1.41666667
SCAFFB218	C1CCCCCCC(CC2CCCC2)CCC(CC2CCCCC2)CCCCCCCCC(CCCCCCCCCCCC2CCCC2)CCCCC1	2	1.0
SCAFFB219	C1CCC(CCCCC2CC2)CC1	2	1.0
SCAFFB220	C1CCC(C2CCC(CCCCC3CCC4(CCCC4)CC3)CC2)CC1	14	1.0
SCAFFB221	C1CCCCCCCCCCCCCCCCCCCCCCC(CC2CCCCC2)CC2CCCC(CCCCCCCC1)C2	31	1.08333333
SCAFFB222	C1CCC(C2CCC(C3CCC4CCCCC4C3)CC2)CC1	10	1.0
SCAFFB223	C1CCCCCCCCCCC2CC3CCC4CC(CCCCCC1)CC4C3CC2CCC1CCCCC1	38	1.0
SCAFFB224	C1CCC(C(CCCC2CCCC2)C2CCCCC2)CC1	2	1.0
SCAFFB225	C1CCC(C2CCCCC2CCC2CCC(CC3CCC4CCCC4C4CCCCC34)CC2)CC1	6	1.0
SCAFFB226	C(CCCC1CCCC1)CCCC(CCC(CCCCCC(CCC(CCC1CCCC1)CC1CCCC1)CC1CCC2CCCCC21)CC1CCCCC1)CC1CCC(CC2CCCCC2)C1	9	1.0
SCAFFB227	C1CCC2C(C1)CCC2CCC1CC2CC3CCC2C(C1)C3	3	1.0
SCAFFB228	C1CCC(CCC2CCC3CCCCC3C2)C1	1	1.0
SCAFFB229	C1CCC2C(C1)CC1CCCC23CCCCC13	60	1.0
SCAFFB230	C1CCC(CC2CCC(CC3CCCC(CC4CCC5CC6CC(CC7CCCC(CC8CCCCC8)C7)CCC6CC5C4)C3)CC2)CC1	7	1.0
SCAFFB231	C1CCC(CCCCCC2CCCCC2)CC1	2	1.16666667
SCAFFB232	C1CCC2C(C1)CCCC2CC1CC2CCC1CC2	6	1.08333333
SCAFFB233	C1CCC2C3CC4CCC(CC5CCC(C5)CC5CCC(C5)CC(C3)C2C1)C4	74	1.0
SCAFFB234	C1CCCCCC2CCCC2CCC(CCC2CCCCC2)CCCCC2CCCC2CCCC1	1	1.0
SCAFFB235	C1CCC(C2CCC(C3CCC4CC5C(CC4C3)CC3CCCCC35)CC2)CC1	30	1.0
SCAFFB236	C1CCC(CC2CC3CCC3C2)C1	4	1.16666667
SCAFFB237	C(CCC1CCC2CC12)CC1CCC1	3	1.0
SCAFFB238	C1CCC(C2CCC3CCC(C4CCCC4)C3C2)C1	19	1.0
SCAFFB239	C(CCCCCCCCCCCCC1CCCCC1)CCCCCCCCCCCCC1CCCC1CC1CCCC1CCCCCCCC1CCCC1CCCCC(CCCCCCCCCCCCCCC(CCCCCCCCC(CCCCCCCCCCCCCCCCCCCCCCCC1CCCCCCCCCCCCCCCCCCC1)CC1CCCCC1)CC1CCCC1)CC1CCCCC1	9	1.0
SCAFFB240	C1CCC(C(C2CCCCC2)(C2CCCCC2)C2CCCC2)CC1	87	1.0
SCAFFB241	C1CCC(CCCC2CCC(CC3CCCC4CCCCC43)CC2)C1	2	1.0
SCAFFB242	C1CCC(CC2CCCC3C(C4CCCCC4)CC(C4CC4)CC23)CC1	12	1.0
SCAFFB243	C1CCC(C2CCC(C3CC3)C3CCCCC23)C1	5	1.0
SCAFFB244	C1CCC(C2CCCC(CC3CCC(CC4CCCC4)CC3)C2)CC1	4	1.0
SCAFFB245	C1CCC2C(C1)CCC1CCCCC1C2C1CC1	5	1.0
SCAFFB246	C1CC(CC2CCC34CCCCC3C2CC2CCCCC24)C1	60	1.0
SCAFFB247	C1CCC2CC(C3CCC4CCCC(C5CC5)C4C3)CC2C1	19	1.0
SCAFFB248	C1CCC(CCC2CCCCC3CCCC3CCCCCC(CCC3CCC(C4CCC(C5CCCCC5)CC4)CC3)CCCCC3CCCC3CC2)CC1	1	1.0
SCAFFB249	C1CCC(CCCCC2CCCCC2C2CCCCC2)CC1	2	1.08333333
SCAFFB250	C1CCC(CCC(CC2CCCC2)C2CCCCC2)CC1	21	1.0
SCAFFB251	C1CCC(C2C3CCCC3C(CC3CCC4CCCCC4C3)C3CC4CCCC4CC32)CC1	37	1.0
SCAFFB252	C(CCCCCC(CCCCCC(CCC(CCCCC1CCC2CCCCC2C1)CC1CCCCC1)CC1CCCCC1)CC1CCCCC1)CCCCC1CCCC1	1	1.0
SCAFFB253	C(CCCCCCCCCCCCCCCCCCCCCCCCCCCCCCCCCCC(CCCCCCCCCCCC(CCCCCC(CCCCC1CCCCC1)CC1CCC2CCCCC21)CC1CCC2CCCCC21)CC1CCC2CCCCC21)CCCCCCCCCCCCCCCCCCCCCCCCCCCCCCCCCC(CCCCCCCCCCCCCCCCC1CCCCC1)CC1CCCC1	3	1.0
SCAFFB254	C(CCCCCCCCCCCCCCC1CCCCCCCCCCCCCCCCCCCCCC1)CCCCCCCCCCCCCCC(CCCCCCCCCCCCCCC(CC1CCCCC1)CC1CCCC1CCCCCCCCCCCCCCCCCCCCCCCCCC1CCCC1)CC1CCCC1	9	1.0
SCAFFB255	C1CCC(CCCCC2CCC(CCCC3CCCCC3)CC2)CC1	2	1.0
SCAFFB256	C1CC2CC3CCC4CCCC45CCCC5C3CC2C1	86	1.0
SCAFFB257	C1CCC2C(C1)C1CCC2C2CCCCC21	5	1.0
SCAFFB258	C(CCC1CCC2CCCCC12)CC1CCC(C2CCC3CCCC3C2)CC1	3	1.0
SCAFFB259	C1CCC(C2CCCCC2CCC2CCC3CCCC3C2)CC1	1	1.0
SCAFFB260	C1CCC2C(C1)CCCC2CCC1CC1	3	1.0
SCAFFB261	C1CCC(CCC2CC3CC(C2)C2C4CCCCC4C4C5CCCC5C5C6CCCCC6C3C5C24)CC1	41	1.0
SCAFFB262	C1CCC(CCCC2CCCC(C3CC4CCCCC4C3)C2)CC1	1	1.0
SCAFFB263	C1CCCCCCCCCCCCCC(CCC2CCCCC2)CCCC(CCCCCCCCCCC2CCC3CCCCC23)CCCCCCCCCCCC1	3	1.0
SCAFFB264	C1CCC(C2CCC(C3CCCC3)CC2)CC1	4	1.0
SCAFFB265	C1CCC(CCC2CCC(CC3CCCC4CCCCC43)CC2)CC1	3	1.0
SCAFFB266	C1CCC(CC2CCCC(CC3CCC(C4CCC(C5CCCCC5)CC4)CC3)C2)CC1	4	1.08333333
SCAFFB267	C1CC(C2CCC(C3CCCC4CCCC43)C2)C1	7	1.0
SCAFFB268	C1CCC(CCC2CCC(CC3CCCC(CCC4CCCCC4)C3)CC2)CC1	1	1.0
SCAFFB269	C1CCC(CCCCC(CCC(CCCC2CCCCC2)CC2CCCCC2)CC2CCCCC2)CC1	9	1.0
SCAFFB270	C1CCC(CC2CCC3CCCC3C2)CC1	1	1.33333333
SCAFFB271	C1CC1	46	1.16666667
SCAFFB272	C1CCC(CC2CCCC(CC3CCC(CCCC4CCCC4)CC3)C2)CC1	2	1.0
SCAFFB273	C1CCC(CC(CCCCCC2CCC3CCCCC3C2)CCC2CCC3CCCCC3C2)CC1	1	1.0
SCAFFB274	C1CCC(CCCC2CCCC(CCCC3CCCC3)C2)CC1	2	1.0
SCAFFB275	C1CCC(C2CCCC(CCC3CCC(C4CCCCC4)C3)C2)CC1	1	1.0
SCAFFB276	C1CCCCCCCCCCC2CC3CCC4CC(CCCCCC1)CC4C3C1CC3CCCCC3C21	73	1.0
SCAFFB277	C1CCC(CC2CCCC(CC3CCCC3)C2)CC1	4	1.0
SCAFFB278	C1CCC(C2CC(C3CCCCC3)C(C3CCCCC3)C2)CC1	5	1.0
SCAFFB279	C1CCC(CCC2CCC(CC3CC4CCC4C3)C2)CC1	1	1.0
SCAFFB280	C1CCC(CCCC2CCC3CC4CCCC4CC3C2)CC1	2	1.0
SCAFFB281	C1CCCCCCCCCCC2CC3CCC4CC(CCCCCC1)CC4C3C1CC3(CCCCC3)CC21	73	1.0
SCAFFB282	C1CCC(CC2CCC(CC3CCCC(C4CCC5CCCC5C4)C3)CC2)CC1	4	1.0
SCAFFB283	C1CCCC2CCC(CC2)CC2CC3CC(CC4CCC(CC4)CC4CCCC5CCCCC5C5CCCC(C5)C(CC4)CCC3CCC1)C2CC1CCCCC1CC1CCCCC1	63	1.08333333
SCAFFB284	C1CCC(CC2CCC(CC3CCCCC4CCC5CCCC(CCC6CC(CCC3)CC3(CCCCC3)C6)C54)CC2)CC1	62	1.0
SCAFFB285	C1CCC(C2CCC(CCC(C3CCCCC3)C3CCCCC3)CC2)CC1	14	1.0
SCAFFB286	C1CCC(CCC2CC2(CCC2CCCCC2)C2CCCCC2)CC1	44	1.0
SCAFFB287	C1CCCCCCC(CC2CCCCC2)CC(CC2CCCCC2)CCCCC1	4	1.0
SCAFFB288	C1CCC(CCC2CCCC2)C1	1	1.0
SCAFFB289	C1CCC(C2CC3CC(C4CCC(C5CCCC5)C4)CCC3C3CC4CC(C5CCC(C6CCCC6)C5)CCC4C23)CC1	10	1.0
SCAFFB290	C1CCC2CC(CC2CCC2(CCCC3CC3)CC2)CC2CC3CCCCC3CC2CCCCCC2CC2CC1	70	1.08333333
SCAFFB291	C1CCC(CCC2CCCC2C2CCC(C3CCC4C(CCC5CC6C(CCC7CC(C8CCCC8)CC76)CC54)C3)C2)CC1	18	1.0
SCAFFB292	C1CCC(C2CC3CCCC4CCCCC2C43)CC1	5	1.0
SCAFFB293	C1CCC(CC2CCCC2CCCC2CCCC2)CC1	2	1.0
SCAFFB294	C1CCC(C2CCC(CCCC3CC4CC5CCCC6CC7C(CC8CC8)CCC4(C7C3)C65)C2)CC1	67	1.0
SCAFFB295	C1CCC(CCC2CCC(CCCC3CCC(C4CCC(CC5CCCCC5C5CCCCC5)CC4)CC3CC3CCC4CCCC4C3)CC2)CC1	6	1.0
SCAFFB296	C1CCC(C2CCC(CC3CCC4CCC(C5CCCC5)C4C3)CC2)CC1	13	1.0
SCAFFB297	C1CCC(CC2CCC(C3CCCC4CCCC43)C2)C1	7	1.0
SCAFFB298	C1CCC(C2CCCC(CC3CCCC(CCC4CCCC(C5CCCC5)C4)C3)C2)CC1	1	1.0
SCAFFB299	C1CCC(CC2CCC(CCC3CCCC(CCC4CCC5CCCCC54)C3)CC2)CC1	3	1.0
SCAFFB300	C1CCC(CCCC2CCC(CC(C3CCCCC3)C3CCC4CCCCC43)CC2)CC1	2	1.0
SCAFFB301	C(CCC1CCC2CCCCC2C1)CCC1CCC2CCCCC2C1	1	1.0
SCAFFB302	C1CCC(CCCC2CCC3CC4CCCCC4CC3C2)CC1	1	1.0
SCAFFB303	C1CCCCCCCC2CCCCCCCCCCCCCC(CCCCCC1)CCCCCCCCCCCCC2	72	1.0
SCAFFB304	C1CCC(CC2CCCCC2C2CCCCC2)CC1	3	1.08333333
SCAFFB305	C1CCC(CC2CCCC(C3CCCCC3)C2)CC1	1	1.08333333
SCAFFB306	C1CCC(CC2CCCC(C3CCC4CCCCC43)C2)CC1	4	1.08333333
SCAFFB307	C1CCCC2CC(CC3CC(C4CCCC4)CC4CCCCC43)CC2CCC2(CCCC3CC3)CC2CCCC1	61	1.0
SCAFFB308	C1CCC(C2(CCCCC3CCCC3)CCCC3(CCCC3)C2)CC1	51	1.0
SCAFFB309	C1C2CC3CC1CC(CCC1CCC4CC14)(C2)C3	85	1.0
SCAFFB310	C1CCC(C2CCC(C3CC4CCCCC4C3)CC2)CC1	10	1.0
SCAFFB311	C1CCC(CCCCC(CCCC2CCC3CCCC23)CC2CCCCC2)CC1	3	1.0
SCAFFB312	C1CCC(CC2C3CCCCC3C3CCCCC32)CC1	27	1.0
SCAFFB313	C1CC2CC1CC2C1CC2CCC(C3CCC4C(C3)CC3CC(C5CCC(C6CCC7(CC7)C6)C5)CCC34)CC2C1	84	1.0
SCAFFB314	C1CCC(CC2CC3C4CCC(C4)C3C2)C(CC2CCC(C3CCC4CCCCC43)CC2)C1	18	1.0
SCAFFB315	C1CCCC(CCCC2CCC(CC3C4CCCCC4CC3C3CCCCC3)CC2)CC1	2	1.0
SCAFFB316	C1CCC(CCC2CCC(CCC3CCCCCCCCC(CC4CCCCC4)CCCCCCCC3)CC2)CC1	2	1.0
SCAFFB317	C1CCC(CCC2CCC(CC3CCCCCC(CC4CCC5CCCCC54)CCC(C4CCCCC4)CCC4CCCC4CC(CC4CCCCC4)CC3)CC2)CC1	8	1.0
SCAFFB318	C1CCCCCCC(CCCCC2CCC3CCCCC3C2)CCC(CC2CCCCC2)CCC(CC2CCC3CCCCC32)CCCCCC1	1	1.0
SCAFFB319	C1CCC(CCCC2CCC(C3CCCCC3)CC2C2CCCCC2)CC1	2	1.0
SCAFFB320	C1CCC(CCCCCC2CCC(CCCC3CCCC3)CC2)CC1	2	1.0
SCAFFB321	C1CCC(C2CCCC3CCCCC3C2)CC1	4	1.0
SCAFFB322	C1CCC(C2C(CCC3CC4CCC3CC4)CCC3CCCCC32)CC1	58	1.0
SCAFFB323	C1CCCCCCC(CCCCC2CCCCC2)CCC(CC2CCCCC2)CCC(CC2CCC3CCCCC32)CCCCCC1	3	1.0
SCAFFB324	C1CCC(CC(C2CCCCC2)C2CCCCC2)CC1	21	1.25
SCAFFB325	C1CCC(C(CC2CCCC2)CC2CCCC2)CC1	21	1.0
SCAFFB326	C1CCC(C(CCC2CC3CCC(C2)C32CCCC2)C2CCCCC2)CC1	14	1.0
SCAFFB327	C1CC2CC(C1)CC1C3CCCCC3CC1C(C1CCC3CC4CCC5CCCC6CCC4(C3C1)C56)C2	71	1.0
SCAFFB328	C1CCC(CCCCC2CCC(CC3CCCC3)CC2)CC1	2	1.0
SCAFFB329	C1CCC(CCCC(C2CCCC2)C2CCCC2)CC1	2	1.0
SCAFFB330	C1CCC(CCCCC2CCC3CCCC3C2)CC1	1	1.0
SCAFFB331	C1CCC(C2CCC2)CC1	4	1.0
SCAFFB332	C1CCC(CC2CCC3CCC(CCC4CCC(C5CCCCC5)CC4CC4CCCCC4)C3C2)CC1	12	1.0
SCAFFB333	C1CCCCCCC(CC2CCCC2)CCC(CC2CCCCC2)CCCCCC(CC2CCC3CCCCC32)CCCCCC1	3	1.08333333
SCAFFB334	C1CCC2CCC3CCCC(C3)C3CCCC3CCCC2C1	52	1.0
SCAFFB335	C1CCC(CCC2CCC(C3CC(C4CCCC4)C4CCCCC34)CC2)CC1	1	1.0
SCAFFB336	C1CCC(C2CC(C3CCCCC3)C3(CCC3)C2)CC1	83	1.0
SCAFFB337	C1CCC(CCC2CCC3CCCC3C2)CC1	1	1.0
SCAFFB338	C1CCC(C2CCC(CCC3CCCC3)C2)CC1	1	1.08333333
SCAFFB339	C1CCC(CCCCCC2CCC(C3CCCCC3)C2)CC1	1	1.0
SCAFFB340	C1CCC(CC2CCC(CC3CCC(CCC4CCC5CCCCC54)CC3)C2)CC1	3	1.0
SCAFFB341	C1CCC(C2CC3CCCC4CCCC(C43)C2C2CCCC2)CC1	50	1.0
SCAFFB342	C1CCC(CCCCC2CCC3C(C2)CC(CCC2CCCCC2)C2CCCC23)CC1	16	1.0
SCAFFB343	C1CCC(C2CCC(CCCCC3CCCC3)C2)CC1	1	1.0
SCAFFB344	C1CC(CC2CCCC3CCCC32)C1	6	1.0
SCAFFB345	C1CCC(CC2CCC3CCC(C4CCCC4)CC3C2)CC1	1	1.0
SCAFFB346	C1CCC(C2CCCC2C2CCC3CCC(CCC4CCCC4)C3C2)CC1	22	1.0
SCAFFB347	C(CCCCCCCCCCCCCCCC1CCCC(C2CCCC3CCCCC32)C1)CCCCCCCCCCCCCCC1CCCC(C2CCCC3CCCCC32)C1	5	1.0
SCAFFB348	C1CCC(CCCC2CCCC2)CC1	2	1.25
SCAFFB349	C1CCC(CCC2CCCCC2CCC2CCCCC2)CC1	2	1.0
SCAFFB350	C1CCC(C2CCCC3CCC(C4CCC4)CC32)CC1	5	1.0
SCAFFB351	C1CC2CCC3C4CCCCC4CC3C(C3CCC4CC5CCC6CCCC7CCC5(C4C3)C67)CC(C1)C2	71	1.08333333
SCAFFB352	C1CCC(CCC(CCC2CCCCC2)CCC2CCC3CCCCC3C2)CC1	1	1.0
SCAFFB353	C1CCC(CC2CCC(CCCC(CCC3CCC4CCCCC43)CC3CCCCC3)CC2)CC1	3	1.0
SCAFFB354	C(CCCCCCC1CCC2CCCCC2C1CC1CCCCC1)CCCCCCC1CCC2CCCCC2C1CC1CCCCC1	3	1.0
SCAFFB355	C1CC1C(C1CC1)C1CC1	54	1.0
SCAFFB356	C1CCCC2CCC(CCCCC3CCC(C4CCCCC4)C3)C2CCCCCC(CC2CCCCC2)CC1	3	1.0
SCAFFB357	C1CCC(CC2CCC(CCC3CCCC3)CC2)CC1	1	1.08333333
SCAFFB358	C1CCC2C(C1)C1CC1C1C2CCC2C1C1CC1C21CCCC1	82	1.0
SCAFFB359	C1CCC(CC2CCC(C3CCC4CCCCC4C3)CC2)C1	4	1.08333333
SCAFFB360	C1CCC2(CC1)CC1CCCCC1C2	81	1.0
SCAFFB361	C1CCC23CCCCC2CC2CCCC(C1)C23	80	1.0
SCAFFB362	C1CCC(CC2CCC(CC3CC4CCCCC4C3)CC2)CC1	1	1.0
SCAFFB363	C1CCCC(CCCCC2CCCCC2)CC1	2	1.0
SCAFFB364	C1CCC(CC2CCC3CCC4CCCCC4C3C2)CC1	4	1.0
SCAFFB365	C1CCC(C2CCCC3CCCCC32)CC1	5	1.08333333
SCAFFB366	C1CCC2(CC1)CC1CCC3CCCC4CCC(CCCCCCCCC(C1)C2)C34	62	1.0
SCAFFB367	C1CC2CCCC3CC4CCC(C1)C23CC4	79	1.0
SCAFFB368	C1CCCC2CCC(CC2)CC2CC3CC(CC4CCC(CC4)C(CC4CCCCC4)C4CCCC5CCCCC5C5CCCC(C5)C(CCC3CCC1)CC4)C2CC1CCCCC1CC1CCCC(CCC2CCC(C3CCCCC3)CC2)C1	63	1.0
SCAFFB369	C1CC2CCC1CC1CCC(CC1)CC1CCC(CC1)CC1CCC(CC1)CC1CCC(CC1)CC1CCC(CC1)CC1CCC(CC1)CC1CCC(CC1)C2	57	1.0
SCAFFB370	C1CCCCC(CC2CCCCC2)CCC(CC2CCCCC2)CCCCCCCC(CC2CCCC2)CCC1	4	1.16666667
SCAFFB371	C1CCCCCCC1	46	1.0
SCAFFB372	C(CCC1CCCC2CCCCC12)CCC1CCCC2CCCCC12	3	1.0
SCAFFB373	C1CCC(CCC2CCCC3CCCCC32)C1	3	1.0
SCAFFB374	C1CCC2CC(CC3CCC(C4CCC5CCCCC5C4)CC3)CCC2C1	13	1.0
SCAFFB375	C1CCC(CC2CC(CC3CCCCC3)C3C4CCCC4CC23)CC1	49	1.0
SCAFFB376	C1CC2CCC(CCC3CCC(C4CCC5CCCCC54)CC3)CC2C1	1	1.0
SCAFFB377	C1CCC(C(CC2CCCC2)C2CCCCC2)CC1	21	1.0
SCAFFB378	C1CC2CCC1C2	57	1.0
SCAFFB379	C1CCC(CCCCCC2CCC3CCCC(CC4CCCCC4)C3C2)CC1	3	1.0
SCAFFB380	C1CCC(CCCC2CCC(CCCC3CCC(C4CCCCC4)CC3)C2)CC1	1	1.0
SCAFFB381	C1CCC(CC(CCC2CCCC2)C2CCCCC2)CC1	21	1.0
SCAFFB382	C1CCC(CCCC2CCC(CC3CCCC3)CC2)CC1	2	1.0
SCAFFB383	C1CCC(C2CCC(CCCC3CC4CCCCC4C3)CC2)CC1	1	1.0
SCAFFB384	C1CCC2CCCCC2CC1	4	1.0
SCAFFB385	C1CCC(CCCC(CC2CCCCC2)C2CCCCC2)CC1	2	1.0
SCAFFB386	C1CCC2CC3C4CCCC(C4)C3CC2C1	33	1.0
SCAFFB387	C1CCC(C2CCC(C3CC4CCCCC4CC3C3CCCCC3)CC2)CC1	10	1.0
SCAFFB388	C1CCC(CCC2CCC(C3CCCC3)C(C3CCCC3)C2)CC1	1	1.0
SCAFFB389	C1CCC(C2CCC(C3CCC(C4C(C5CCC6CC(C7CCCC7)CC6C5)CCC4C4CCC5CC(C6CCCC6)CC5C4)CC3)CC2)CC1	30	1.0
SCAFFB390	C1CCC2CCCC2CCCCCC2CC3CCCCC3CC2CC2CC(CC1)C(CCC1(CCCC3CC3)CC1)C2	70	1.0
SCAFFB391	C1CCC(CC2CCC3CCCC(CC4CCC(CC5CCC6CCCC6C5)CC4)C3C2)C1	7	1.0
SCAFFB392	C1CCC(CCC2CCC(CC3CCC4CCCCC43)CC2)CC1	1	1.0
SCAFFB393	C1CCC(CCC2CCCC(CC3CCCCC3)C2C2CCC(CC3CCCC3)CC2)CC1	23	1.0
SCAFFB394	C1CCC(C2CCC3CCC4CCCC4C32)C1	45	1.0
SCAFFB395	C1CCC(C2CCC(CCC3CCC(CC4CCCC4)(C4CCCCC4)C3)CC2)CC1	34	1.08333333
SCAFFB396	C(CCCC1CCCCC1)CCCC(CC1CCCC1)CC1CCCC1CCCCC1CCCCC1	3	1.0
SCAFFB397	C1CCC2C(C1)CC1CCC3CCCC2C31	36	1.25
SCAFFB398	C1CCCCCCCCCCCC(CC2CCCCC2)CCCCCCCCCC1	2	1.0
SCAFFB399	C1CCC(CCC2CC(CC3CCCCC3)CC(C3CCCCC3)C2)CC1	1	1.0
SCAFFB400	C1CCCCCCCCCCC2CCC3C(CCC4CC(CCCCCC1)CC43)C2	38	1.0
SCAFFB401	C1CCC(C2CCC(CCC3CC(C4CCCC4)C(C4CCC(C5CCCCC5)CC4)C3)CC2)CC1	1	1.0
SCAFFB402	C1CCC(CC2CCCC3CCCC4CCC(CCC5CCC6CCC(CCCC7CCCC(C7)CC7CCCC6C7)CC6CCC(CC6)CC6CC5CC(CC5CCC(CC5)C4)C6CC4CCCCC4)C4CCCC(C4)C32)CC1	63	1.0
SCAFFB403	C1CCC(CCC2CCC3C(CCCC4CCCC4)CC3C2)CC1	1	1.0
SCAFFB404	C1CCC(CCCCCC2CCCC3CCCCC23)CC1	2	1.0
SCAFFB405	C1CCC(CCCC2CC3CCCC23)C1	2	1.0
SCAFFB406	C1CCC(CCC2CC3C4CCC(C3C2)C2CC42)CC1	1	1.0
SCAFFB407	C1CCC(CCCC2CCC3CC4CC5CCCCC5CC4CC3C2)C1	2	1.0
SCAFFB408	C1CCC(CCC2CCC(C3CCCCC3)C2)CC1	1	1.0
SCAFFB409	C1CCC(C2CCCC2CCC2CC3CCCC32)CC1	11	1.16666667
SCAFFB410	C1CCC2C(C1)CCCC2CCC1CC2CCCC21	6	1.0
SCAFFB411	C1CCC(CCC2CCC3CCC2C3)CC1	24	1.0
SCAFFB412	C1CCC(CCCC2CCCC(CC3CCC(C4CCCCC4)CC3)C2)CC1	2	1.0
SCAFFB413	C1CCC(C2CCC3CCC(CC4CCC5CCCCC5C4)C3C2)CC1	1	1.0
SCAFFB414	C1CCC(C2CCC(C3CCCC4CCCC43)C2)CC1	5	1.0
SCAFFB415	C1CCC(CCCC2CCC3CC4C5CCC(C5)CC4CC3C2)CC1	2	1.0
SCAFFB416	C1CCC(C2CCCC2CC(C2CCCCC2)C(CCC2CCC2)C2CCCCC2)CC1	56	1.0
SCAFFB417	C1CCC(C2CCC(CC(CC3CCCC3)C3CCCCC3)CC2)CC1	14	1.0
SCAFFB418	C1CCC2C(C1)CC1CC2C2C3CCC4(CCCC(C2C1)C1C2CCCC2CCC31)CCCC1C2CCCCC2CC14	69	1.0
SCAFFB419	C1CCC(CC2CC3CCC4CC(C5CCCCC5)CCC4C3C2)CC1	4	1.0
SCAFFB420	C1CC2CCC(C3CCC4CC(C5CCCC6(CC6)C5)CCC4C3)CC2C1	55	1.0
SCAFFB421	C1CCC(CC2CCCC2C2CCCCC2)CC1	3	1.0
SCAFFB422	C1CCC(CC2CCC(C3CC4CCCC(C5CCCCC5)C4C3)CC2)CC1	4	1.0
SCAFFB423	C1CCC(CCC2CC(C3CCCC3)C3CCCCC23)CC1	1	1.0
SCAFFB424	C1CCC(C2CCC(CCCCC3CCC(CC4CCC4)CC3)CC2)CC1	4	1.0
SCAFFB425	C1CC2CCCC(C3CC3)C2C1	5	1.0
SCAFFB426	C1CCC(C2CCCC(CC3CCC(C4CCCCC4)C3)C2)CC1	1	1.0
SCAFFB427	C1CCC(CC2CCCC(C34CCCC(CC3)C4)C2)CC1	31	1.0
SCAFFB428	C1CCC(C(CCC2CCCC2)CCC2CC3CCCC32)CC1	11	1.08333333
SCAFFB429	C1CCCCC2(CCC(CC3CCCCC3)CC(CC3CCCCC3)CCC1)CC2	31	1.0
SCAFFB430	C1CCC(CCC2CCC3CCC3C2)C1	1	1.0
SCAFFB431	C1CCCCC(CCC2CCCC3CC4CCCC(CCC5CCCCCCCCCC6CCCC6CCCC5)C4CC23)CCCCC2CCCC2CCCC1	22	1.0
SCAFFB432	C1CCC(CCC(CCC2CC3CC(CCC4CCCC4)CCC23)C2CCCCC2)CC1	1	1.08333333
SCAFFB433	C1CCC(CCCCC(CCCC2CCCC2)CC2CCCCC2)CC1	2	1.0
SCAFFB434	C1CCC(CCC2CCC3C(CCC4CCC4)CC3C2)C1	1	1.0
SCAFFB435	C1CCC(CCCC2CC3CC(CCC4CCCC4)CCC23)CC1	1	1.16666667
SCAFFB436	C1CCCC(CCC2CC3CCCC32)CC1	1	1.0
SCAFFB437	C1CCC(CCCCC2CCC(CCC3CCCCC3)CC2)CC1	1	1.0
SCAFFB438	C1CCC(CC2CCC3C(C2)CC2CCCCC2C3C2CCCCC2)CC1	7	1.0
SCAFFB439	C1CCC(C(C2CCCCC2)C2CCC(CCC3CCC4CCCC4C3)C2)CC1	1	1.0
SCAFFB440	C1CCC(CC2CCC(C(C3CCCCC3)C3CCCCC3)CC2)CC1	4	1.08333333
SCAFFB441	C1CCC(CCC(CCC2CC3CCCC32)C2CCCCC2)CC1	11	1.0
SCAFFB442	C1CCC(CCCCC2CC3CCCC23)CC1	2	1.0
SCAFFB443	C1CCC(C2CC3CCCCC3C2)C1	10	1.0
SCAFFB444	C1CCC(CC2CCCC3CCCC32)C1	6	1.0
SCAFFB445	C1CCC(CCC2CCCC2C2CCCCC2)CC1	3	1.0
SCAFFB446	C1CC2CCC3C(CCC45CC4CCCC35)C2C1	68	1.0
SCAFFB447	C1CCC(C(CCC2CC3CCC2CC3)C2CCCCC2)CC1	14	1.0
SCAFFB448	C1CCC(C2CCC3CCCC(C4CC4)C3C2)C1	19	1.0
SCAFFB449	C1CCC(CC2CCCCC2)CC1.C1CCC2CCCC2C1	4	1.0
SCAFFB450	C1CCC(CCC2CCC(C3C4CCCCC4CCC4CCCCC43)CC2)CC1	1	1.0
SCAFFB451	C1CCC(CCCC2CCC(CC3C4CCCCC4CC3C3CCCCC3)CC2)CC1	2	1.0
SCAFFB452	C(CCCCCCCCCCCCCCCCCCCCCCCC(CCCCCCCCCCCCCCCCC1CCCC1)CC1CCCCC1)CCCCCCCCCCCCCCCCCCCCCCCC(CCCCCCCCCCC1CCC2CCCCC12)CC1CCCCC1	3	1.0
SCAFFB453	C(CCCC1C(CCCCC(CCC2CCCCC2)C2CCCCC2)CC2CCCC21)CCC1CC1	48	1.0
SCAFFB454	C1CCC(CCC2CCCCC3CCCC3CCCCCC(CCC3CCC(C4CCC(C5CCCCC5)C4)CC3)CCCCC3CCCC3CC2)CC1	1	1.0
SCAFFB455	C1CCC(C2CCC(CCC3CCC4CCCCC4C3)C2)CC1	1	1.0
SCAFFB456	C1CCC(C2CC3CCCC3C2)CC1	10	1.0
SCAFFB457	C1CCC2C(C1)CC1CCCC3CCCC2C31	36	1.0
SCAFFB458	C1CCC(C2CCC(CC3CC4CCCCC4C3)CC2)CC1	1	1.0
SCAFFB459	C1CCC(CCCC2CC3CC(C2)C2CC32)CC1	2	1.0
SCAFFB460	C1CCC(CCC2CCCC2(C2CCCCC2)C2CCCCC2)CC1	44	1.0
SCAFFB461	C1CCC(CCCCC2CC3CCCCC23)CC1	2	1.0
SCAFFB462	C1CCC(CCCCC2CCCC3CCC(C4CCCCC4)CC23)CC1	3	1.0
SCAFFB463	C1CCC(CCC2CC3CCCC32)CC1	1	1.0
SCAFFB464	C1CCC(CCCC(C2CCCCC2)C2CCCCC2)CC1	2	1.0
SCAFFB465	C1CCCCC1.C1CCC(CCCC2CC3CCCC23)CC1	2	1.0
SCAFFB466	C(CCCCCCCCCCCCC1CCCC1)CCCCCCCCCCCCC1CCCC1CC(CCCCCC(CCC(CCCCCCCCC(CCCCCCCCCCCC(CCCCCCCCCCCCCCC1CCCCCCCCCCCCCCCCCCCCCC1)CC1CCCCC1)CC1CCCCC1)CC1CCCCC1)CC1CCCC1)CC1CCCCC1	9	1.0
SCAFFB467	C(CCCC1CC2CCCCC2C1)CCC1CCC2CCCCC2C1	1	1.0
SCAFFB468	C1CCC(CCCCC2CCCCC34CCCC2C3CCC4)CC1	3	1.0
SCAFFB469	C1CCC(C2CC3CCCCC3CC2CC2CC(C3CCCCC3)C3CCCCC23)CC1	43	1.0
SCAFFB470	C1CCC(C2CCC3CCCC32)CC1	5	1.0
SCAFFB471	C1CCC(CCCCC2(CC3CCC4C(CCCC5CCCC5)CC4C3)CCCC2)CC1	29	1.0
SCAFFB472	C1CCC(CCCC2CC(CC3CCCCC3)CC(C3CCC(CC4CCCCC4)CC3)C2)CC1	2	1.0
SCAFFB473	C1CCC(CC2C3CC(C4CCC(C5CCCC6CCCC65)CC4)CC2C3)CC1	7	1.0
SCAFFB474	C1CC(CCC2CC2)CC(CC2CCCC(C3CCCC3)C2)C1	1	1.0
SCAFFB475	C1CCC(CC2CC(C3CCCCC3)CC3CC(C4CCCCC4)CC23)CC1	4	1.0
SCAFFB476	C1CCC(CCC2CCC(C3CCCC(CC4CCCC(C5CCCCC5)C4)C3)CC2)CC1	1	1.0
SCAFFB477	C(CCCC1CCCCC1)CCCC(CCCCC1CCCCC1)CC1CCCCC1	9	1.0
SCAFFB478	C1CCC(CC2CCC(C3CCC(C4CCCC5CC(C6CCCC6)CC54)CC3)CC2)CC1	4	1.0
SCAFFB479	C(CC1CCC(C2CCCC2)CC1)CC1CCC(C2CCCC(CC3CCCC3)C2)CC1	4	1.0
SCAFFB480	C1CCC(CCCC2CCCC(C3CCC4CCCCC4C3)C2)CC1	1	1.0
SCAFFB481	C1CCC(C2CCC3C(C4CCCCC4)CCC(C4CCCCC4)C3C2)CC1	35	1.0
SCAFFB482	C1CCC(C2CCC(CC3CCC4CC5CCCC6(CCCCC6)C5C4C3)CC2)CC1	40	1.0
SCAFFB483	C1CCC(C2CC3CCC(C3)C2)CC1	10	1.0
SCAFFB484	C1CCC2C(C1)CC1C(CC3CC3)CCC23CCCCC13	60	1.0
SCAFFB485	C(CCC(CCCCC1CC2CCCCC2CC1CC1CCC2CCCCC21)CC1CCCC1)CCC1CCCC1CC1CCCC1	28	1.0
SCAFFB486	C1CCC(CC2CC3CCCC3C3CC(CCC4CCC5CC6CCC7CCCC(C5C4)C76)CC23)CC1	36	1.08333333
SCAFFB487	C1CCC(CC2CCC(CC3CCCCC3CC3CCCCC3)C2)CC1	17	1.0
SCAFFB488	C1CCC(C2CCC(CCC3CCC4CCCCC43)CC2)CC1	3	1.0
SCAFFB489	C1CCC(C(CCC2CCCC2)C2CCCCC2)CC1	2	1.16666667
SCAFFB490	C1CCC2(C1)CC1CCC2CC1	78	1.0
SCAFFB491	C1CCC(C2CCC3C(C2)CC2CCCCC23)CC1	5	1.0
SCAFFB492	C1CCC2C(C1)CCCCC2C1CCC(CCC2CCC(CC34CCC(CC3)CC4)CC2)CC1	39	1.0
SCAFFB493	C1CCC(CCCCCC2CCC3C(CCCCC3C3CCCCC3)C2)CC1	3	1.0
SCAFFB494	C1CCC(C2CCCC2C2CC3CCCC4(C2)C3CCC2C3CCCCC3CCC24)CC1	77	1.0
SCAFFB495	C1CCC(C2CC3CCCCC3C(CC3CCC4CCCC4C3)C2)CC1	8	1.0
SCAFFB496	C1CCC(CCCC2CCC3CCCCC3C2)C1	1	1.0
SCAFFB497	C1CCC(C(CC2CCCC3CCCCC32)C2CCC3CCCCC3C2)CC1	76	1.0
SCAFFB498	C1CCC(C2CCCC(CCC3(C4CCC5CCCC5C4)CC3)C2)CC1	20	1.0
SCAFFB499	C1CCCCCCCC(C2CCCCC2)CCCCCCC1	4	1.0
SCAFFB500	C1CCCCCCCCCCC2CC3CCC4CC(CCCCCC1)CC4C3CC2CCC1CCC(C2CCCC2)CC1	38	1.0
SCAFFB501	C1CCC(CCC2CCC3CCCC3C2)C1	1	1.0
SCAFFB502	C1CCC(CCC2CCC(CC3CC4CCCCC4C3CC3CCCCC3)CC2)CC1	8	1.0
SCAFFB503	C1CCC(CCCC2CCC3CCC(CC4CCCC4)C3C2)CC1	2	1.0
SCAFFB504	C1CCC(CC2CCC3CCCC3C2)C1	4	1.08333333
SCAFFB505	C1CCC(CC2C3CCCCC3CC3CCCCC32)C1	27	1.0
SCAFFB506	C1CCC(CCC(C2CCCCC2)C2CC3CCC2C3)CC1	14	1.0
SCAFFB507	C1CCC(C(CC2CC3CCC(C3)C2)C2CCCCC2)CC1	59	1.0
SCAFFB508	C(CCCCCCC1CCCCC1)CCCCCCC(CCC(CCCCCC(CCCCCCCC1CCCC1)CC1CCC2CCCCC21)CC1CCCCC1)CC1CCCC1	3	1.0
SCAFFB509	C1CCC(CC2C3CCCCC3CC3CCCCC32)CC1	4	1.0
SCAFFB510	C1CCC(C2CCC(CCC3CCC(C4CCC5CCCCC54)CC3)C3CCCCC3C2)CC1	18	1.0
SCAFFB511	C1CCC(C2CCCC(CCC3CCC4CC5(CCC6CCCCC65)CC4C3)C2)CC1	1	1.08333333
SCAFFB512	C1CCC(CCC2CCCC(CC3CCCCC3)C2)CC1	1	1.0
SCAFFB513	C1CCC(CCCC2CCC3CC2CCCCCCCCC2CCCC(C2)C2CCCC(C2)C3)C1	75	1.0
SCAFFB514	C1CC2CCC(CCC3(C4CCC5CCCC5C4)CC3)CC2C1	20	1.0
SCAFFB515	C1CCC(CCCCC2CCC3C(C2)C2CCCC4CCCC3C42)CC1	3	1.0
SCAFFB516	C1CCC(CC2CCC(C3CCCCC3)C2)CC1	1	1.0
SCAFFB517	C1CCC(CCC2CCCCC2C2CCCC2)CC1	1	1.0
SCAFFB518	C1CCC2C(C1)CCCC2CCC1CCC(CC2CCC(CC3CC3)CC2)CC1	3	1.0
SCAFFB519	C1CCC(C2CCCC2CCC2CCCC(C(CCC3CC3)C3CCCCC3)C2)CC1	11	1.0
SCAFFB520	C(CCC1CCC(CC2C(CCC3CC4CCCCC4C3)CCCC2CCC2CC3CCCCC3C2)CC1)CC1CCC(CCC2CCC3CCCCC3C2)CC1	1	1.0
SCAFFB521	C1CCC2CC(C3CCCC3CC3CCCCC3C3CCCC3)CC2C1	6	1.0
